Ace,Archer,Atlas,Axel,Beckett,Blake,Blaze,Beau,Bryce,Cal
Camden,Chase,Clay,Cole,Connor,Cruz,Dean,Drake,Drew,Dylan
Eli,Elliot,Emmet,Ethan,Evan,Finn,Fletcher,Ford,Gray,Greyson
Griffin,Hart,Hayes,Hudson,Hunter,Jace,Jasper,Jett,Jude,Kai
Kane,Knox,Lachlan,Lane,Landon,Lars,Leo,Levi,Liam,Link
Logan,Luca,Luke,Maddox,Marcus,Mason,Max,Miles,Milo,Nash
Nate,Nero,Nico,Noah,Noel,North,Nox,Oliver,Owen,Penn
Pierce,Quinn,Quint,Raph,Ray,Reed,Rex,Rhys,Rider,Rio
Roman,Rowan,Ryder,Rylan,Saul,Scout,Seth,Silas,Slate,Spencer
Tate,Theo,Troy,Tyler,Uri,Vance,Wade,Walt,West,Wren
Xan,Xander,York,Zach,Zane,Zen,Zion
Aria,Aurora,Avery,Blythe,Briar,Calla,Celeste,Claire,Cleo,Coral
Dahlia,Dawn,Demi,Eden,Elara,Ellie,Emma,Eve,Faye,Fern
Fiona,Flora,Gemma,Grace,Harper,Haven,Holly,Iris,Ivy,Jade
Jules,June,Kara,Kate,Kira,Lena,Leah,Lily,Luna,Lyra
Macy,Mae,Mia,Mira,Nadia,Neve,Nora,Nova,Olive,Opal
Paige,Pearl,Piper,Quinn,Rae,Riley,Rose,Ruby,Sable,Sage
Seraph,Serena,Skye,Sloane,Stella,Tara,Tess,Uma,Val,Vera
Violet,Willa,Willow,Wren,Xena,Yara,Zara,Zoe,Zuri,Brynn
